{
  "GenHlth": 3.290980577468872,
  "HighBP": 0.7526735698523171,
  "DiffWalk": 0.37121597917727606,
  "BMI": 31.94400978088379,
  "HighChol": 0.6701182594918803,
  "Age": 9.379053115844727,
  "HeartDiseaseorAttack": 0.22288236292649805,
  "PhysHlth": 7.954478740692139,
  "Income": 5.210094451904297,
  "Education": 4.745515823364258,
  "PhysActivity": 0.6305381089797997
}