{
  "Best Threshold": 0.8428686261177063,
  "F1 (Val)": 0.47071417647910196,
  "Accuracy": 0.8159255755282245,
  "Precision": 0.38915370790028914,
  "Recall": 0.5635396627814869,
  "F1 (Test)": 0.46038642876952945,
  "ROC AUC": 0.8196244268044124,
  "PR AUC": 0.41290730650904583
}